{
    "rc01": {
        "color": {
            "x": 0.6477848887443542,
            "y": 0.27350983023643494,
            "z": 0.8947349190711975
        },
        "scale": {
            "x": 0.10000000149011612,
            "y": 0.10000000149011612
        },
        "position": {
            "x": -0.5,
            "y": 0.5
        }
    },
    "rc02": {
        "color": {
            "x": 0.15124131739139557,
            "y": 0.5551453232765198,
            "z": 0.44279107451438904
        },
        "scale": {
            "x": 0.10000000149011612,
            "y": 0.10000000149011612
        },
        "position": {
            "x": -0.5,
            "y": -0.5
        }
    }
}